Country,Continent,Total Case,Total Death,Total Test,Total Vaccination,People Vaccinated,People Fully Vaccinated,Population,Median Age,Life Expectancy,Aged Older 65,Aged Older 70,Cardiovasc Death Rate,Male Smokers,Female Smokers,Diabetes Prevalence,Hospital Beds Per Thousand,Human Development Index,Extreme Poverty,Population Density,Gdp Per Capita
Luxembourg,Europe,319959,1232,4299880,1286886,481957,462709,647601,39.7,82.3,14.3,9.8,128.3,26.0,20.9,4.4,4.5,0.9,0.2,231.4,94278.0
Tanzania,Africa,43078,846,,,34434933,32165791,65497752,17.7,65.5,3.1,1.9,217.3,26.7,3.3,5.8,0.7,0.5,49.1,64.7,2683.3
Isle of Man,Europe,38008,116,,93324,69560,67106,84534,,81.4,,,,,,,,,,147.9,
Niue,Oceania,817,0,,,1638,1635,1952,,73.7,,,,,,,,,,,
Djibouti,Africa,15690,189,1233,12179,372077,351712,1120851,25.4,67.1,4.2,2.4,258.0,24.5,1.7,6.1,1.4,0.5,22.5,41.3,2705.4
French Polynesia,Oceania,78590,649,,855,190908,186803,306292,32.7,77.7,7.8,4.6,,,,22.6,,,,77.3,
Guatemala,North America,1253322,20204,4067775,13495417,8933623,7126305,17843914,22.9,74.3,4.7,3.0,155.9,,,10.2,0.6,0.7,8.7,157.8,7423.8
Austria,Europe,6078070,22514,188768459,,6899735,6683091,8939617,44.4,81.5,19.2,13.7,145.2,30.9,28.4,6.4,7.4,0.9,0.7,106.7,45436.7
Portugal,Europe,5590050,26804,42825406,,9786029,8900824,10270857,46.2,82.1,21.5,14.9,127.8,30.0,16.3,9.9,3.4,0.9,0.5,112.4,27936.9
Thailand,Asia,4745078,34223,24733803,127294606,57005497,53486086,71697024,40.1,77.2,11.4,6.9,109.9,38.8,1.9,7.0,2.1,0.8,0.1,135.1,16277.7
Algeria,Africa,271841,6881,,170786,7840131,6481186,44903228,29.1,76.9,6.2,3.9,278.4,30.4,0.7,6.7,1.9,0.7,0.5,17.3,13913.8
European Union,,184304805,1234657,,941903004,338204347,328176718,450146793,,,,,,,,,,,,,
Martinique,North America,229975,1102,,,,,367512,45.7,82.5,,12.5,,,,,,,,,
Gambia,Africa,12626,372,,429,674314,539186,2705995,17.5,62.1,2.3,1.4,331.4,31.2,0.7,1.9,1.1,0.5,10.1,207.6,1561.8
Latvia,Europe,977891,6368,7263566,2895704,1346184,1305976,1850654,43.9,75.3,19.8,14.1,350.1,51.0,25.6,4.9,5.6,0.9,0.7,31.2,25063.8
United States Virgin Islands,North America,25129,131,115079,,,,99479,42.2,80.6,18.6,10.8,273.7,,,12.3,,,,306.5,
India,Asia,44992634,531884,838798638,2111987395,1027410359,951977546,1417173120,28.2,69.7,6.0,3.4,282.3,20.6,1.9,10.4,0.5,0.6,21.2,450.4,6426.7
Northern Cyprus,Asia,,,,1988,301673,313067,382836,,,,,,,,,,,,,
Congo,Africa,25196,389,,1486,695760,654119,5970430,19.0,64.6,3.4,2.1,344.1,52.3,1.7,7.2,,0.6,37.0,15.4,4881.4
Greenland,North America,11971,21,,43336,41227,38511,56494,,71.7,,,199.9,,,2.2,,,,0.1,
Vanuatu,Oceania,12019,14,,,176624,162250,326744,23.1,70.5,4.4,2.6,546.3,34.5,2.8,12.0,,0.6,13.2,22.7,2921.9
Israel,Asia,4826780,12540,51780014,18609926,6723119,6159825,9449000,30.6,83.0,11.7,7.4,93.3,35.4,15.4,6.7,3.0,0.9,0.5,402.6,33132.3
Papua New Guinea,Oceania,46864,679,,,382020,321192,10142625,22.6,64.5,3.8,2.1,561.5,48.8,23.5,17.7,,0.6,,18.2,3823.2
South America,,68667982,1356755,,957204919,375359061,336867662,436816679,,,,,,,,,,,,,
United States,North America,103436829,1129589,912769124,676683162,270227181,230637348,338289856,38.3,78.9,15.4,9.7,151.1,24.6,19.1,10.8,2.8,0.9,1.2,35.6,54225.4
Jersey,Europe,66391,161,,,84365,81882,110796,,,,,,,,,,,,,
Ecuador,South America,1074527,36019,2855228,36284797,15333873,14240587,18001002,28.1,77.0,7.1,4.5,140.4,12.3,2.0,5.6,1.5,0.8,3.6,66.9,10581.9
Romania,Europe,3405206,68193,,16801198,8187839,8114769,19659270,43.0,76.1,17.9,11.7,370.9,37.1,22.9,9.7,6.9,0.8,5.7,85.1,23313.2
Falkland Islands,South America,1923,0,,,2632,1775,3801,,81.4,,,,,,,,,,,
Iran,Asia,7611931,146267,18074432,20588423,65176523,58562317,88550568,32.4,76.7,5.4,3.2,270.3,21.1,0.8,9.6,1.5,0.8,0.2,49.8,19082.6
Oman,Asia,399449,4628,,65081,3257365,3048826,4576300,30.7,77.9,2.4,1.5,266.3,15.6,0.5,12.6,1.6,0.8,,15.0,37960.7
Belgium,Europe,4799762,34350,34315605,29632404,9266649,9168969,11655923,41.8,81.6,18.6,12.8,114.9,31.4,25.1,4.3,5.6,0.9,0.2,375.6,42658.6
Russia,Europe,22942458,399226,156015815,152716447,88811982,79702396,144713312,39.6,72.6,14.2,9.4,431.3,58.3,23.4,6.2,8.1,0.8,0.1,8.8,24766.0
Turkey,Asia,17004677,101419,163164533,149899771,57941051,53176961,85341248,31.6,77.7,8.2,5.1,171.3,41.1,14.1,12.1,2.8,0.8,0.2,104.9,25129.3
Japan,Asia,33803572,74708,53504941,383303948,104705133,103380343,123951696,48.2,84.6,27.0,18.5,79.4,33.7,11.2,5.7,13.1,0.9,,347.8,39002.2
Lesotho,Africa,34490,706,553,,1014073,938088,2305826,22.2,54.3,4.5,2.6,405.1,53.9,0.4,3.9,,0.5,59.6,73.6,2851.2
Saint Pierre and Miquelon,North America,3426,2,,,,,5885,,81.1,,,,,,,,,,,
Seychelles,Africa,50937,172,,42863,88520,83565,107135,36.2,73.4,8.6,5.6,242.6,35.7,7.1,10.6,3.6,0.8,1.1,208.4,26382.3
Mauritania,Africa,63860,997,45205,24659,2101236,1538089,4736146,20.3,64.9,3.1,1.8,232.3,,,2.4,,0.5,6.0,4.3,3597.6
Niger,Africa,9513,315,1713,,6217508,5454196,26207982,15.1,62.4,2.6,1.4,238.3,15.4,0.1,2.4,0.3,0.4,44.5,17.0,926.0
Mauritius,Africa,306969,1051,,35153,1123773,1088142,1299478,37.4,75.0,10.9,5.9,224.6,40.7,3.2,22.0,3.4,0.8,0.5,623.0,20292.7
Aruba,North America,44253,290,793,114300,90450,84305,106459,41.2,76.3,13.1,7.5,,,,11.6,,,,584.8,35973.8
Zambia,Africa,343995,4058,3412336,2517495,11637730,9213802,20017670,17.7,63.9,2.5,1.5,234.5,24.7,3.1,3.9,2.0,0.6,57.5,23.0,3689.3
United Arab Emirates,Asia,1067030,2349,168522672,20138062,9991089,9792266,9441138,34.0,78.0,1.1,0.5,317.8,37.4,1.2,17.3,1.2,0.9,,112.4,67293.5
Solomon Islands,Oceania,21611,153,,,343821,254352,724272,20.8,73.0,3.5,2.0,459.8,,,18.7,1.4,0.6,25.1,21.8,2205.9
Bahamas,North America,38084,854,43736,9258,174810,166972,409989,34.3,73.9,9.0,5.2,236.0,20.4,3.1,13.2,2.9,0.8,,39.5,27717.8
Singapore,Asia,2474308,1751,14598500,14727002,5160551,5120969,5637022,42.4,83.6,12.9,7.0,92.2,28.3,5.2,11.0,2.4,0.9,,7915.7,85535.4
Jamaica,North America,155026,3551,552068,566027,858355,759118,2827382,31.4,74.5,9.7,6.4,206.5,28.6,5.3,11.3,1.7,0.7,,266.9,8193.6
Afghanistan,Asia,222074,7918,,78275,16770724,16064707,41128772,18.6,64.8,2.6,1.3,597.0,,,9.6,0.5,0.5,,54.4,1804.0
Barbados,North America,107794,593,6351,293273,163846,155036,281646,39.8,79.2,15.0,9.5,170.1,14.5,1.9,13.6,5.8,0.8,,664.5,16978.1
Armenia,Asia,449203,8750,3102267,,1122040,996169,2780472,35.7,75.1,11.2,7.6,341.0,52.1,1.5,7.1,4.2,0.8,1.8,102.9,8787.6
Sao Tome and Principe,Africa,6575,80,4694,,140256,111986,227393,18.7,70.4,2.9,2.2,270.1,,,2.4,2.9,0.6,32.3,212.8,3052.7
Angola,Africa,105384,1934,28136,,15745756,8821410,35588996,16.8,61.2,2.4,1.4,276.0,,,3.9,,0.6,,23.9,5819.5
Guadeloupe,North America,202836,1021,,,,,395762,43.4,82.1,,,,,,,,,,,
Mayotte,Africa,42902,188,,,,,326113,20.1,79.5,,2.4,,,,,,,,,
Tonga,Oceania,16817,12,,,87342,77360,106867,22.3,70.9,5.8,4.0,227.5,44.4,11.8,15.4,2.6,0.7,,150.0,5425.6
Italy,Europe,25870833,190517,224719845,144567889,50900045,47965823,59037472,47.9,83.5,23.0,16.2,113.2,27.8,19.8,4.8,3.2,0.9,2.0,205.9,35220.1
Cook Islands,Oceania,7128,2,,,15112,14728,17032,,76.3,,,,,,,,,,,
Saint Barthelemy,North America,5494,5,,,,,10994,,,,,,,,,,,,,
Honduras,North America,472639,11118,,229026,6596213,5853689,10432858,24.9,75.3,4.7,2.9,240.2,,2.0,7.2,0.7,0.6,16.0,82.8,4541.8
New Caledonia,Oceania,80065,314,,,192375,184816,289959,33.4,77.6,10.0,6.5,,,,23.4,,,,15.3,
Haiti,North America,34241,860,598,41453,521396,350403,11585003,24.3,64.0,4.8,3.0,430.5,23.1,2.9,6.7,0.7,0.5,23.5,398.4,1653.2
Burundi,Africa,53762,15,18945,460,36909,36321,12889583,17.5,61.6,2.6,1.5,293.1,,,6.1,0.8,0.4,71.7,423.1,702.2
Uruguay,South America,1038803,7635,6086630,8992150,3009848,2902480,3422796,35.6,77.9,14.7,10.4,160.7,19.9,14.0,6.9,2.8,0.8,0.1,19.8,20551.4
British Virgin Islands,North America,7305,64,,,19466,18261,31332,,79.1,,,,,,13.7,,,,208.0,
Uganda,Africa,170865,3632,2120320,704976,19488104,13043107,47249588,16.4,63.4,2.2,1.3,213.3,16.7,3.4,2.5,0.5,0.5,41.6,213.8,1697.7
Montenegro,Europe,291851,2827,,608582,292783,284869,627082,39.1,76.9,14.8,9.4,387.3,47.9,44.0,10.1,3.9,0.8,1.0,46.3,16409.3
Cape Verde,Africa,63952,415,284917,7462,356734,308720,593162,25.7,73.0,4.5,3.4,182.2,16.5,2.1,2.4,2.1,0.7,,135.6,6222.6
Netherlands,Europe,8610372,22992,30687346,,12775557,11957652,17564020,43.2,82.3,18.8,11.9,109.4,27.3,24.4,5.3,3.3,0.9,,508.5,48472.5
South Sudan,Africa,18368,138,58902,7489,4262480,4220606,10913172,19.2,57.9,3.4,2.0,280.8,,,10.4,,0.4,,,1569.9
Yemen,Asia,11945,2159,,,1032545,788707,33696612,20.3,66.1,2.9,1.6,495.0,29.2,7.6,5.4,0.7,0.5,18.8,53.5,1479.1
Northern Mariana Islands,Oceania,13935,41,59110,,,,49574,,76.7,,,195.0,,,,,,,119.9,
Taiwan,Asia,,,13021521,51180197,21885289,20772207,23893396,42.2,80.5,,8.4,104.0,,,,,,,,
Liberia,Africa,8091,295,,10089,3903802,3730967,5302690,19.2,64.1,3.1,1.8,272.5,18.1,1.5,2.4,0.8,0.5,38.6,49.1,752.8
Turkmenistan,Asia,0,0,,,3359468,3358426,6430777,26.9,68.2,4.3,2.5,536.8,,,7.1,7.4,0.7,,12.3,16389.0
North America,,124341283,1604733,,1148709999,458334456,394366283,600323657,,,,,,,,,,,,,
Cote d'Ivoire,Africa,88331,835,1210395,2278710,13568372,12164304,28160548,18.7,57.8,2.9,1.6,303.7,,,2.4,,0.5,28.2,76.4,3601.0
Syria,Asia,57423,3163,,102423,3295630,2358365,22125242,21.7,72.7,,2.6,376.3,,,,1.5,0.6,,,
Indonesia,Asia,6809134,161804,51528978,330544770,203845350,174893201,275501344,29.3,71.7,5.3,3.1,342.9,76.1,2.8,6.3,1.0,0.7,5.7,145.7,11188.7
Tajikistan,Asia,17786,125,,124745,5311967,5170582,9952789,23.3,71.1,3.5,2.2,427.7,,,7.1,4.8,0.7,4.8,64.3,2896.9
Brunei,Asia,307686,161,581,259735,451032,446630,449002,32.4,75.9,4.6,2.4,201.3,30.9,2.0,12.8,2.7,0.8,,81.3,71809.3
Marshall Islands,Oceania,16081,17,3184,,,,41593,,73.7,,,557.8,,,30.5,2.7,0.7,,295.2,3819.2
Low income,,2305342,47945,,298935854,222742325,190134125,737604900,,,,,,,,,,,,,
Democratic Republic of Congo,Africa,96890,1467,,42303,15388889,12873681,99010216,17.0,60.7,3.0,1.7,318.9,,,6.1,,0.5,77.1,35.9,808.1
Guinea-Bissau,Africa,9614,177,390,1658,733271,533741,2105580,19.4,58.3,3.0,1.6,382.5,,,2.4,,0.5,67.1,66.2,1548.7
Trinidad and Tobago,North America,191496,4390,666279,1512567,753588,716898,1531043,36.2,73.5,10.0,5.8,228.5,,,11.0,3.0,0.8,,266.9,28763.1
Albania,Europe,334090,3604,1613870,1417691,1348396,1277987,2842318,38.0,78.6,13.2,8.6,304.2,51.2,7.1,10.1,2.9,0.8,1.1,104.9,11803.4
Pakistan,Asia,1580631,30656,21077138,132235516,165551403,140451320,235824864,23.5,67.3,4.5,2.8,423.0,36.7,2.8,8.4,0.6,0.6,4.0,255.6,5034.7
Africa,,13093165,258964,,806644939,525432773,436764160,1426736614,,,,,,,,,,,,,
Belize,North America,70830,689,2924,119978,258473,221402,405285,25.0,74.6,3.9,2.3,177.0,,,17.1,1.3,0.7,,16.4,7824.4
Western Sahara,Africa,,,,,,,576005,28.4,70.3,,1.4,,,,,,,,,
Wallis and Futuna,Oceania,3550,8,,,7150,6803,11596,,79.9,,,,,,,,,,,
Chad,Africa,7698,194,,,6254729,6127422,17723312,16.7,54.2,2.5,1.4,281.0,,,6.1,,0.4,38.4,11.8,1768.2
Maldives,Asia,186680,316,2211113,772572,399308,385167,523798,30.6,78.9,4.1,2.9,164.9,55.0,2.1,9.2,,0.7,,1454.4,15183.6
Slovenia,Europe,1344388,9379,5336373,2980936,1265802,1222225,2119843,44.5,81.3,19.1,12.9,153.5,25.0,20.1,7.3,4.5,0.9,,102.6,31400.8
Spain,Europe,13890555,121416,93162168,62965910,41351234,40739123,47558632,45.5,83.6,19.4,13.8,99.4,31.4,27.4,7.2,3.0,0.9,1.0,93.1,34272.4
Cambodia,Asia,138803,3056,320474,36482941,15288684,14660594,16767851,25.6,69.8,4.4,2.4,270.9,33.7,2.0,4.0,0.8,0.6,,90.7,3645.1
Iceland,Europe,209191,260,1373785,258851,309770,290193,372903,37.3,83.0,14.4,9.2,118.0,15.2,14.3,5.3,2.9,0.9,0.2,3.4,46483.0
Norway,Europe,1485102,5528,11154564,12119532,4346995,4054726,5434324,39.7,82.4,16.8,10.8,114.3,20.7,19.6,5.3,3.6,1.0,0.2,14.5,64800.1
Sierra Leone,Africa,7762,126,,7981,5252127,4474092,8605723,19.1,54.7,2.5,1.3,325.7,41.3,8.8,2.4,,0.5,52.2,104.7,1390.3
Georgia,Asia,1843707,17087,13652505,1455821,1654504,1276173,3744385,38.7,73.8,14.9,10.2,496.2,55.5,5.3,7.1,2.6,0.8,4.2,65.0,9745.1
Kazakhstan,Asia,1502857,19072,11792426,18655980,10858101,10629063,19397998,30.6,73.6,7.0,4.6,466.8,43.1,7.0,7.1,6.7,0.8,0.1,6.7,24055.6
Moldova,Europe,620574,12118,2560337,1336495,1108735,1078250,3272993,37.6,71.9,10.9,7.0,408.5,44.6,5.9,5.7,5.8,0.8,0.2,123.7,5190.0
Faeroe Islands,Europe,34658,28,7060,34813,41715,40895,53117,,80.7,,,,,,,,,,35.3,
Nepal,Asia,1003355,12031,6402903,15749069,27801458,24379336,30547586,25.0,70.8,5.8,3.2,260.8,37.8,9.5,7.3,0.3,0.6,15.0,204.4,2442.8
Tuvalu,Oceania,2779,0,,,9763,9505,11335,,67.6,,,,,,27.3,,,3.3,373.1,3575.1
Slovakia,Europe,1866857,21167,51238482,,2595901,2577827,5643455,41.2,77.5,15.1,9.2,288.0,37.7,23.1,7.3,5.8,0.9,0.7,113.1,30155.2
Gibraltar,Europe,20550,113,514,92234,42175,41465,32677,,79.9,,,,,,,,,,3457.1,
Montserrat,North America,1403,8,,,2104,1952,4413,,74.2,,,,,,,,,,,
North Korea,Asia,0,0,3189,,,,26069416,35.3,72.3,9.5,6.1,321.7,,,4.0,13.2,,,211.7,
Bhutan,Asia,62673,21,1711669,862033,699116,677669,782457,28.6,71.8,4.9,3.0,217.1,,,9.8,1.7,0.7,1.5,21.2,8708.6
Turks and Caicos Islands,North America,6588,38,,,32815,30710,45726,,80.2,,,,,,,,,,37.3,
Colombia,South America,6369024,142765,34044326,50290307,43012174,37019801,51874028,32.2,77.3,7.6,4.3,124.2,13.5,4.7,7.4,1.7,0.8,4.5,44.2,13254.9
Europe,,249636027,2066604,,1381271728,523037344,493310341,744807803,,,,,,,,,,,,,
Timor,Asia,23450,138,9154,7881,884018,799488,1341298,18.0,69.5,3.6,1.9,335.3,78.1,6.3,6.9,5.9,0.6,30.3,87.2,6570.1
Saint Kitts and Nevis,North America,6602,46,15627,6553,33794,27000,47681,,76.2,,,,,,12.8,2.3,0.8,,212.9,24654.4
Dominica,North America,15760,74,4032,6417,32995,30659,72758,,75.0,,,227.4,,,11.6,3.8,0.7,,98.6,9673.4
Egypt,Africa,516023,24830,,2157499,56907319,42337175,110990096,25.3,72.0,5.2,2.9,525.4,50.1,0.2,17.3,1.6,0.7,1.3,98.0,10550.2
Curacao,North America,45818,302,22100,191553,108601,100885,191173,41.7,78.9,16.4,10.1,,,,11.6,,,,362.6,
Bangladesh,Asia,2039911,29457,13820904,140091486,151357597,140583786,171186368,27.5,72.6,5.1,3.3,298.0,44.7,1.0,8.4,0.8,0.6,14.8,1265.0,3524.0
Mozambique,Africa,233417,2243,944051,295812,19939353,19765811,32969520,17.7,60.9,3.2,1.9,329.9,29.1,5.1,3.3,0.7,0.5,62.9,37.7,1136.1
Kiribati,Oceania,5037,24,,,100900,81474,131237,23.2,68.4,3.9,2.2,434.7,58.9,35.9,22.7,1.9,0.6,,143.7,1981.1
Greece,Europe,6086580,37014,48561395,21215471,7935415,7645774,10384972,45.3,82.2,20.4,14.5,175.7,52.0,35.3,4.6,4.2,0.9,1.5,83.5,24574.4
Mexico,North America,7621062,334167,15569464,150702693,97179493,81849962,127504120,29.3,75.1,6.9,4.3,152.8,21.4,6.9,13.1,1.4,0.8,2.5,66.4,17336.5
Nicaragua,North America,15739,245,,0,6260823,6091122,6948395,27.3,74.5,5.4,3.5,137.0,,,11.5,0.9,0.7,3.2,51.7,5321.4
Croatia,Europe,1273871,18266,2726155,3815368,2321629,2251616,4030361,44.0,78.5,19.7,13.1,253.8,39.9,34.3,5.6,5.5,0.9,0.7,73.7,22669.8
Tokelau,Oceania,5,0,,,2203,2203,1893,,81.9,,,,,,,,,,,
Upper middle income,,244019495,2660981,,5415112416,2107094561,1989002964,2525921300,,,,,,,,,,,,,
Kuwait,Asia,665942,2570,7379048,37214,3457104,3345815,4268886,33.7,75.5,2.3,1.1,132.2,37.0,2.7,15.8,2.0,0.8,,232.1,65530.5
Jordan,Asia,1746997,14122,7567593,4276815,4821579,4558313,11285875,23.2,74.5,3.8,2.4,208.3,,,11.8,1.4,0.7,0.1,109.3,8337.5
Vietnam,Asia,11615051,43241,29193899,140207439,90268546,85953004,98186856,32.6,75.4,7.2,4.7,245.5,45.9,1.0,6.0,2.6,0.7,2.0,308.1,6171.9
South Africa,Africa,4072533,102595,24811256,20014831,24209938,21038797,59893884,27.3,64.1,5.3,3.1,200.4,33.2,8.1,5.5,2.3,0.7,18.9,46.8,12294.9
Costa Rica,North America,1233482,9379,3677525,,4641899,4358863,5180836,33.6,80.3,9.5,5.7,138.0,17.4,6.4,8.8,1.1,0.8,1.3,96.1,15525.0
Saint Lucia,North America,30052,409,1562,26359,60140,54971,179872,34.9,76.2,9.7,6.4,204.6,,,11.6,1.3,0.8,,293.2,12951.8
Sri Lanka,Asia,672498,16882,7691045,33589253,17143761,14752827,21832150,34.1,77.0,10.1,5.3,197.1,27.0,0.3,10.7,3.6,0.8,0.7,342.0,11669.1
Malaysia,Asia,5100249,37087,60647556,72632251,28137799,27550747,33938216,29.9,76.2,6.3,3.4,260.9,42.4,1.0,16.7,1.9,0.8,0.1,96.3,26808.2
Comoros,Africa,9109,161,,,438825,397080,836783,20.4,64.3,3.0,1.7,261.5,23.6,4.4,11.9,2.2,0.6,18.1,437.4,1413.9
Nigeria,Africa,266675,3155,702055,3160328,82325196,69793071,218541216,18.1,54.7,2.8,1.4,181.0,10.8,0.6,2.4,,0.5,,209.6,5338.5
Venezuela,South America,552695,5856,,,22157232,14966671,28301700,29.0,72.1,6.6,3.9,204.9,,,6.5,0.8,0.7,,36.3,16745.0
Guyana,South America,73257,1298,,144957,495285,381984,808727,26.3,69.9,5.3,2.8,373.2,,,11.6,1.6,0.7,,4.0,7435.0
Hong Kong,Asia,,,,20783243,6916076,6800028,7488863,44.8,84.9,16.3,10.2,,,,8.3,,0.9,,7039.7,56054.9
United Kingdom,Europe,24618868,226645,502482746,148570849,53813491,50762968,67508936,40.8,81.3,18.5,12.5,122.1,24.7,20.0,4.3,2.5,0.9,0.2,272.9,39753.2
Bahrain,Asia,696614,1536,5935525,2954499,1241174,1226796,1472237,32.4,77.3,2.4,1.4,151.7,37.6,5.8,16.5,2.0,0.9,,1935.9,43290.7
Chile,South America,5287596,65048,39773213,62671925,18088517,17700117,19603736,35.4,80.2,11.1,6.9,128.0,41.5,34.2,8.5,2.1,0.9,1.3,24.3,22767.0
Togo,Africa,39499,290,708063,,2246404,1554066,8848700,19.4,61.0,2.8,1.5,280.0,14.2,0.9,6.2,0.7,0.5,49.2,143.4,1429.8
Eswatini,Africa,74670,1425,333,110765,526050,426134,1201680,21.5,60.2,3.2,1.8,333.4,16.5,1.7,3.9,2.1,0.6,,79.5,7739.0
Andorra,Europe,48015,159,,4802,57910,53496,79843,,83.7,,,109.1,37.8,29.0,8.0,,0.9,,163.8,
Bolivia,South America,1199694,22384,4438270,14565586,7361008,6160585,12224114,25.4,71.5,6.7,4.4,204.3,,,6.9,1.1,0.7,7.1,10.2,6885.8
Malawi,Africa,88759,2686,83230,1256993,5234809,4092667,20405318,18.1,64.3,3.0,1.8,227.3,24.7,4.4,3.9,1.3,0.5,71.4,197.5,1095.0
Estonia,Europe,619029,3001,3425064,2112075,869360,861703,1326064,42.7,78.7,19.5,13.5,255.6,39.3,24.5,4.0,4.7,0.9,0.5,31.0,29481.3
Micronesia (country),Oceania,26463,65,,,,,114178,23.0,67.9,4.8,2.4,454.3,,,12.0,,0.6,16.0,150.8,3299.5
Switzerland,Europe,4405935,14017,21277734,16903013,6096889,,8740471,43.1,83.8,18.4,12.6,99.7,28.9,22.6,5.6,4.5,1.0,,214.2,57410.2
Sweden,Europe,2710429,24371,18407585,,7775726,7593676,10549349,41.0,82.8,20.0,13.4,134.0,18.9,18.8,4.8,2.2,0.9,0.5,24.7,46949.3
Somalia,Africa,27334,1361,,37292,8370355,7035193,17597508,16.8,57.4,2.7,1.5,365.8,,,6.1,0.9,,,23.5,
Madagascar,Africa,68289,1425,125476,13544,2580188,2519918,29611718,19.6,67.0,2.9,1.7,406.0,,,3.9,0.2,0.5,77.6,44.0,1416.4
Ukraine,Europe,5556030,112394,13377389,31551877,15774300,15153577,39701744,41.4,72.1,16.5,11.1,539.8,47.4,13.5,7.1,8.8,0.8,0.1,77.4,7894.4
Palau,Oceania,6009,9,,,,,18084,,73.7,,,,22.7,7.7,15.9,4.8,0.8,,47.2,13240.4
Saint Vincent and the Grenadines,North America,9828,124,2278,16641,37532,31632,103959,31.8,72.5,7.7,4.8,252.7,,,11.6,2.6,0.7,,281.8,10727.1
American Samoa,Oceania,8331,34,,,,,44295,,73.7,,,283.8,,,,,,,278.2,
Finland,Europe,1480371,9750,11038890,1254404,4524473,4348041,5540745,42.8,81.9,21.2,13.3,153.5,22.6,18.3,5.8,3.3,0.9,,18.1,40585.7
High income,,422611632,2891428,,2811527145,998833549,929336322,1250514600,,,,,,,,,,,,,
Macao,Asia,,,,918831,679703,642266,695180,39.2,84.2,9.8,5.0,,,,,,,,20546.8,104861.9
Malta,Europe,118756,837,1837038,1344360,478784,471522,533293,42.4,82.5,19.4,11.3,168.7,30.2,20.9,8.8,4.5,0.9,0.2,1454.0,36513.3
Central African Republic,Africa,15367,113,,12887,2381935,2266531,5579148,18.3,53.3,3.7,2.3,435.7,,,6.1,1.0,0.4,,7.5,661.2
Guam,Oceania,51573,413,323516,,,,171783,31.4,80.1,9.6,5.5,310.5,,,21.5,,,,304.1,
Kosovo,Europe,273903,3208,421855,1331443,906858,825082,1782115,,,,,,,,,,,0.6,168.2,9795.8
French Guiana,South America,98041,413,,,,,304568,25.3,80.0,,2.9,,,,,,,,,
Kyrgyzstan,Asia,206890,2991,,2792263,1692938,1389320,6630621,26.3,71.5,4.5,2.9,436.4,50.5,3.6,7.1,4.5,0.7,1.4,32.3,3393.5
Saint Martin (French part),North America,12303,46,,,,,31816,,82.1,,,,,,,,,,590.5,
South Korea,Asia,31782676,34822,100269452,129580486,44784499,44372679,51815808,43.4,83.0,13.9,8.6,86.0,40.9,6.2,6.8,12.3,0.9,0.2,528.0,35938.4
Pitcairn,Oceania,4,0,,,47,47,47,,,,,,,,,,,,,
Wales,Europe,,,,8489386,2592226,2477109,3170000,,,,,,,,,,,,,
El Salvador,North America,201785,4230,1921625,4964236,4652597,4344286,6336393,27.6,73.3,8.3,5.4,167.3,18.8,2.5,8.9,1.3,0.7,2.2,307.8,7292.5
Asia,,297817231,1633194,,9029963410,3677369479,3447881175,4721383370,,,,,,,,,,,,,
Ghana,Africa,171653,1462,1325017,180950,13221421,10170298,33475870,21.1,64.1,3.4,1.9,298.2,7.7,0.3,5.0,0.9,0.6,12.0,126.7,4227.6
Vatican,Europe,26,0,,,,,808,,75.1,,,,,,,,,,,
Cuba,North America,1114309,8530,5296244,38014338,10754628,10020270,11212198,43.1,78.8,14.7,9.7,191.0,53.3,17.1,8.3,5.2,0.8,,110.4,
Ethiopia,Africa,500906,7574,3585129,23047615,44073766,37637944,123379928,19.8,66.6,3.5,2.1,182.6,8.5,0.4,7.5,0.3,0.5,26.7,105.0,1729.9
Monaco,Europe,16804,67,,,28875,25667,36491,,86.8,,,,,,5.5,13.8,,,19347.5,
China,Asia,99284626,121236,,3407595000,1310292000,1276760000,1425887360,38.7,76.9,10.6,5.9,261.9,48.4,1.9,9.7,4.3,0.8,0.7,147.7,15308.7
Lithuania,Europe,1320757,9687,8718186,4537134,1957161,1880543,2750058,43.5,75.9,19.0,13.8,343.0,38.0,21.3,3.7,6.6,0.9,0.7,45.1,29524.3
Morocco,Africa,1274180,16297,10487705,27409359,25020168,23521989,37457976,29.6,76.7,6.8,4.2,419.1,47.1,0.8,7.1,1.1,0.7,1.0,80.1,7485.0
Hungary,Europe,2202887,48789,10943720,8276404,6420813,6207249,9967304,43.4,76.9,18.6,12.0,278.3,34.8,26.8,7.6,7.0,0.9,0.5,108.0,26777.6
Senegal,Africa,88999,1971,1102099,330137,2684696,1442833,17316452,18.7,67.9,3.0,1.8,241.2,16.6,0.4,2.4,,0.5,38.0,82.3,2470.6
North Macedonia,Europe,348276,9677,799331,925842,854570,838181,2093606,39.1,75.8,13.3,8.2,322.7,,,10.1,4.3,0.8,5.0,82.6,13111.2
Ireland,Europe,1712654,8979,12340856,11069085,4108360,4062731,5023108,38.7,82.3,13.9,8.7,126.5,25.7,23.0,3.3,3.0,1.0,0.2,69.9,67335.3
Lower middle income,,97628597,1343299,,4880941668,2259784518,2028645978,3432097300,,,,,,,,,,,,,
Suriname,South America,82513,1405,84184,343344,267820,237879,618046,29.6,71.7,6.9,4.2,258.3,42.9,7.4,12.5,3.1,0.7,,3.6,13767.1
World,,767776899,6947609,,13406592429,5588493062,5137154738,7975105024,30.9,72.6,8.7,5.4,233.1,34.6,6.4,8.5,2.7,0.7,10.0,58.0,15469.2
Guernsey,Europe,35326,67,,15931,54223,52710,63329,,,,,,,,,,,,,
Reunion,Africa,494595,925,,,,,974062,36.0,80.5,,6.8,,,,,,,,,
Anguilla,North America,3904,12,,1421,10854,10380,15877,,81.9,,,,,,,,,,,
San Marino,Europe,24298,125,,20141,26357,23633,33690,,85.0,,,,,,5.6,3.8,,,556.7,56861.5
Denmark,Europe,3413895,8719,64649913,,4771583,4736323,5882259,42.3,80.9,19.7,12.3,114.8,18.8,19.3,6.4,2.5,0.9,0.2,136.5,46682.5
Laos,Asia,218265,671,1030237,1981593,5888649,5222417,7529477,24.4,67.9,4.0,2.3,368.1,51.2,7.3,4.0,1.5,0.6,22.7,29.7,6397.4
Sudan,Africa,63993,5046,,45572,15207452,13416394,46874200,19.7,65.3,3.5,2.0,431.4,,,15.7,0.8,0.5,,23.3,4466.5
Nauru,Oceania,5393,1,,168,13106,11346,12691,,60.0,,,,36.9,43.0,24.1,5.0,,,682.5,12895.6
Myanmar,Asia,639309,19494,4656460,3800,34777314,27545329,54179312,29.1,67.1,5.7,3.1,202.1,35.2,6.3,4.6,0.9,0.6,6.4,81.7,5591.6
Botswana,Africa,329938,2797,19426,10435,1951054,1663490,2630300,25.8,69.6,3.9,2.2,237.4,34.4,5.7,4.8,1.8,0.7,,4.0,15807.4
Eritrea,Africa,10189,103,,,,,3684041,19.3,66.3,3.6,2.2,311.1,11.4,0.2,6.1,0.7,0.5,,44.3,1510.5
Bonaire Sint Eustatius and Saba,North America,11921,42,,,19109,16736,27052,,77.8,,,,,,,,,,,
Dominican Republic,North America,661176,4384,1524332,14029086,7322815,6095810,11228821,27.6,74.1,7.0,4.4,266.7,19.1,8.5,8.2,1.6,0.8,1.6,222.9,14600.9
Kenya,Africa,343312,5688,610432,11113785,14494372,11090440,54027484,20.0,66.7,2.7,1.5,218.6,20.4,1.2,2.9,1.4,0.6,36.8,87.3,2993.0
Equatorial Guinea,Africa,17130,183,17420,639,270109,214032,1674916,22.4,58.7,2.8,1.8,202.8,,,7.8,2.1,0.6,,45.2,22604.9
Liechtenstein,Europe,21470,87,90632,59493,26771,,39355,,82.5,,,,,,7.8,2.4,0.9,,237.0,
Panama,North America,1040230,8625,5650767,258113,3533477,3174155,4408582,29.7,78.5,7.9,5.0,128.3,9.9,2.4,8.3,2.3,0.8,2.2,55.1,22267.0
Antigua and Barbuda,North America,9114,146,,8412,64290,62384,93772,32.1,77.0,6.9,4.6,191.5,,,13.2,3.8,0.8,,231.8,21490.9
Northern Ireland,Europe,,,,4384058,1430684,1360953,1896000,,,,,,,,,,,,,
Peru,South America,4507363,220673,,89723713,30498074,28662905,34049588,29.1,76.7,7.2,4.5,85.8,,4.8,6.0,1.6,0.8,3.5,25.1,12236.7
Czechia,Europe,4642281,42804,54587458,18622895,6976624,6893310,10493990,43.3,79.4,19.0,11.6,227.5,38.3,30.5,6.8,6.6,0.9,,137.2,32605.9
Brazil,South America,37601830,702907,37005491,460591607,189643431,176164186,215313504,33.5,75.9,8.6,5.1,178.0,17.9,10.1,8.1,2.2,0.8,3.4,25.0,14103.5
Rwanda,Africa,133194,1468,4029152,920644,10572981,9897876,13776702,20.3,69.0,3.0,1.6,191.4,21.0,4.7,4.3,,0.5,56.0,494.9,1854.2
Burkina Faso,Africa,22056,396,547,,5152110,4129254,22673764,17.6,61.6,2.4,1.4,269.0,23.9,1.6,2.4,0.4,0.5,43.7,70.2,1703.1
Cayman Islands,North America,31472,37,9358,15339,62085,60664,68722,,83.9,,,,,,13.2,,,,256.5,49903.0
New Zealand,Oceania,2306943,2942,4258074,12052284,4301605,4182631,5185289,37.9,82.3,15.3,9.7,128.8,17.2,14.8,8.1,2.6,0.9,,18.2,36085.8
Namibia,Africa,171310,4091,847071,234709,616314,538776,2567024,22.0,63.7,3.6,2.1,243.8,34.2,9.7,3.9,,0.6,13.4,3.1,9541.8
Cameroon,Africa,125036,1972,,10290,3656503,3107836,27914542,18.8,59.3,3.2,1.9,244.7,,,7.2,1.3,0.6,23.8,50.9,3364.9
Gabon,Africa,48992,307,93986,1486,311244,257471,2388997,23.1,66.5,4.5,3.0,260.0,,,7.2,6.3,0.7,3.4,7.9,16562.4
Lebanon,Asia,1237556,10914,237492,5134981,2740227,2414223,5489744,31.1,78.9,8.5,5.4,266.6,40.7,26.9,12.7,2.9,0.7,,594.6,13367.6
Puerto Rico,North America,1252713,5938,3019115,,,,3252412,38.2,80.1,15.2,9.8,108.1,,,12.9,,,,376.2,35044.7
Benin,Africa,28014,163,,,3697190,2742837,13352864,18.8,61.8,3.2,1.9,235.8,12.3,0.6,1.0,0.5,0.5,49.6,99.1,2064.2
Paraguay,South America,735759,19880,2597470,4149165,3993938,3546685,6780745,26.5,74.3,6.4,3.8,199.1,21.6,5.0,8.3,1.3,0.7,1.7,17.1,8827.0
Bermuda,North America,18860,165,41927,,48554,47657,64207,,82.6,,,139.5,,,13.0,,,,1308.8,50669.3
Poland,Europe,6517237,119617,,41528798,22876148,22648104,39857144,41.8,78.7,16.8,10.2,227.3,33.1,23.3,5.9,6.6,0.9,,124.0,27216.4
England,Europe,,,,142058067,45417090,42951064,56550000,,,,,,,,,,,,,
Scotland,Europe,,,,12790751,4549556,4285946,5466000,,,,,,,,,,,,,
Bulgaria,Europe,1307926,38397,3430255,4409319,2108296,2077685,6781955,44.7,75.1,20.8,13.3,424.7,44.4,30.1,5.8,7.5,0.8,1.5,65.2,18563.3
Cyprus,Europe,660854,1364,29495854,428204,671193,646142,896007,37.3,81.0,13.4,8.6,141.2,52.7,19.6,9.2,3.4,0.9,,127.7,32415.1
Argentina,South America,10044957,130472,36663990,115720981,41495229,34882007,45510324,31.9,76.7,11.2,7.4,191.0,27.7,16.2,5.5,5.0,0.8,0.6,16.2,18933.9
Grenada,North America,19693,238,3187,1159,44241,39034,125459,29.4,72.4,7.3,5.0,244.0,,,10.7,3.7,0.8,,317.1,13593.9
Mali,Africa,33150,743,605,,4354292,3633589,22593598,16.4,59.3,2.5,1.5,268.0,23.0,1.6,2.4,0.1,0.4,,15.2,2014.3
Iraq,Asia,2465545,25375,12996351,26828,11332925,7944775,44496124,20.0,70.6,3.2,2.0,218.6,,,8.8,1.4,0.7,2.5,88.1,15664.0
Canada,North America,4681261,52977,62175498,96561101,34763194,31762130,38454328,41.4,82.4,17.0,10.8,105.6,16.6,12.0,7.4,2.5,0.9,0.5,4.0,44017.6
Belarus,Europe,994037,7118,1448467,,6438808,6354262,9534956,40.3,74.8,14.8,9.8,443.1,46.1,10.5,5.2,11.0,0.8,,46.9,17168.0
Bosnia and Herzegovina,Europe,402998,16347,1043518,93862,943394,846080,3233530,42.5,77.4,16.6,10.7,329.6,47.7,30.2,10.1,3.5,0.8,0.2,68.5,11713.9
France,Europe,39053413,163718,278234000,154467041,54675551,53189897,67813000,42.0,82.7,19.7,13.1,86.1,35.6,30.1,4.8,6.0,0.9,,122.6,38605.7
Fiji,Oceania,68921,883,402088,28295,712025,641194,929769,28.6,67.4,6.2,3.3,412.8,34.8,10.2,14.5,2.3,0.7,1.4,49.6,8703.0
Serbia,Europe,2542363,18055,9852866,3264684,3354075,3278198,6871547,41.2,76.0,17.4,,439.4,40.2,37.7,10.1,5.6,0.8,,80.3,14048.9
Philippines,Asia,4148401,66476,27817521,55439750,82684774,78443972,115559008,25.2,71.2,4.8,2.7,370.4,40.8,7.8,7.1,1.0,0.7,,351.9,7599.2
Libya,Africa,507263,6437,1980537,200655,2316327,1236102,6812344,29.0,72.9,4.4,2.8,341.9,,,10.4,3.7,0.7,,3.6,17881.5
Saint Helena,Africa,2166,0,,,4361,3531,5401,,80.6,,,,,,,,,,,
Palestine,Asia,703228,5708,3050518,1640780,2012767,1776973,5250076,20.4,74.1,3.0,1.7,265.9,,,10.6,,0.7,1.0,778.2,4449.9
Uzbekistan,Asia,253662,1637,,15127072,21717290,18147665,34627648,28.2,71.7,4.5,2.9,724.4,24.7,1.3,7.6,4.0,0.7,,76.1,6253.1
Azerbaijan,Asia,831862,10277,1716435,10719068,5373253,4862494,10358078,32.4,73.0,6.0,3.9,559.8,42.5,0.3,7.1,4.7,0.8,,119.3,15847.4
Germany,Europe,38429922,174412,,192197041,64876299,63563414,83369840,46.6,81.3,21.5,16.0,156.1,33.1,28.2,8.3,8.0,0.9,,237.0,45229.2
Oceania,,14215717,27354,,82797434,28959949,27965117,45038860,,,,,,,,,,,,,
Tunisia,Africa,1153323,29420,1001807,8546870,7218831,6401540,12356116,32.7,76.7,8.0,5.1,319.0,65.8,1.1,8.5,2.3,0.7,2.0,74.2,10849.3
Sint Maarten (Dutch part),North America,11052,92,,,29788,26773,44192,,79.0,,,,,,,,,,1209.1,36327.2
Australia,Oceania,11420039,21063,73363499,62460562,22231907,21648824,26177410,37.9,83.4,15.5,10.1,107.8,16.5,13.0,5.1,3.8,0.9,0.5,3.2,44648.7
Guinea,Africa,38563,468,,1586407,7679918,4725982,13859349,19.0,61.6,3.1,1.7,336.7,,,2.4,0.3,0.5,35.3,51.8,1998.9
Qatar,Asia,513580,690,7574423,5475250,2852178,2852178,2695131,31.9,80.2,1.3,0.6,176.7,26.9,0.8,16.5,1.2,0.8,,227.3,116935.6
Samoa,Oceania,16743,31,,,191403,177954,222390,22.0,73.3,5.6,3.6,349.0,38.1,16.7,9.2,,0.7,,69.4,6021.6
Mongolia,Asia,1010034,2136,5490193,4415265,2272965,2175617,3398373,28.6,69.9,4.0,2.4,460.0,46.5,5.5,4.8,7.0,0.7,0.5,2.0,11840.8
Zimbabwe,Africa,265139,5697,1869683,10801392,6437808,4751270,16320539,19.6,61.5,2.8,1.9,307.8,30.7,1.6,1.8,1.7,0.6,21.4,42.7,1899.8
Saudi Arabia,Asia,841469,9646,43251385,58060875,27041364,25433941,36408824,31.9,75.1,3.3,1.8,259.5,25.4,1.8,17.7,2.7,0.9,,15.3,49045.4
